County,Agency,Full-Time Sworn,Reserve,Dispatcher,Total
ALAMEDA COUNTY,ALAMEDA CO SD/CORONER,999,3,26,1028
ALAMEDA COUNTY,ALAMEDA PD,70,0,16,86
ALAMEDA COUNTY,ALBANY PD,24,0,9,33
ALAMEDA COUNTY,BAY AREA RAPID TRANSIT PD,206,0,17,223
ALAMEDA COUNTY,BERKELEY PD,145,12,23,180
ALAMEDA COUNTY,CSU EAST BAY PD,12,0,0,12
ALAMEDA COUNTY,EAST BAY REG PARK DPS,64,0,18,82
ALAMEDA COUNTY,EMERYVILLE PD,37,0,10,47
ALAMEDA COUNTY,FREMONT PD,157,8,33,198
ALAMEDA COUNTY,HAYWARD PD,156,23,36,215
ALAMEDA COUNTY,LIVERMORE PD,91,4,14,109
ALAMEDA COUNTY,NEWARK PD,46,0,13,59
ALAMEDA COUNTY,OAKLAND CITY HOUSING AUTH PD,26,2,8,36
ALAMEDA COUNTY,OAKLAND PD,665,4,78,747
ALAMEDA COUNTY,OHLONE CCD PD,2,0,3,5
ALAMEDA COUNTY,PIEDMONT PD,17,4,8,29
ALAMEDA COUNTY,PLEASANTON PD,76,0,18,94
ALAMEDA COUNTY,SAN LEANDRO PD,68,0,18,86
ALAMEDA COUNTY,UC BERKELEY PD,50,0,10,60
ALAMEDA COUNTY,UNION CITY PD,72,0,1,73
ALPINE COUNTY,ALPINE CO SO,14,3,0,17
AMADOR COUNTY,AMADOR CO DA,8,0,0,8
AMADOR COUNTY,AMADOR CO SO/CORONER,42,10,11,63
AMADOR COUNTY,IONE PD,10,1,0,11
AMADOR COUNTY,JACKSON PD,10,6,0,16
AMADOR COUNTY,SUTTER CREEK PD,4,2,0,6
BUTTE COUNTY,BUTTE CCD PD,4,0,0,4
BUTTE COUNTY,BUTTE CO DA,18,0,0,18
BUTTE COUNTY,BUTTE CO SO/CORONER,153,12,15,180
BUTTE COUNTY,CHICO PD,98,0,24,122
BUTTE COUNTY,CSU CHICO PD,19,0,5,24
BUTTE COUNTY,GRIDLEY PD,15,5,6,26
BUTTE COUNTY,OROVILLE PD,24,1,8,33
BUTTE COUNTY,PARADISE PD,20,0,7,27
CALAVERAS COUNTY,ANGELS CAMP PD,7,0,0,7
CALAVERAS COUNTY,CALAVERAS CO DA,3,0,0,3
CALAVERAS COUNTY,CALAVERAS CO SD,58,4,11,73
COLUSA COUNTY,COLUSA CO DISTRICT ATTORNEY,2,0,0,2
COLUSA COUNTY,COLUSA COUNTY SD,29,0,7,36
COLUSA COUNTY,COLUSA PD,9,1,0,10
COLUSA COUNTY,WILLIAMS PD,11,0,0,11
CONTRA COSTA COUNTY,ANTIOCH PD,90,0,17,107
CONTRA COSTA COUNTY,BRENTWOOD PD,66,0,17,83
CONTRA COSTA COUNTY,CLAYTON PD,11,0,0,11
CONTRA COSTA COUNTY,CONCORD PD,125,1,17,143
CONTRA COSTA COUNTY,CONTRA COSTA CCD PD,20,0,0,20
CONTRA COSTA COUNTY,CONTRA COSTA CO DA,31,0,0,31
CONTRA COSTA COUNTY,CONTRA COSTA CO SO/CORONER,620,29,50,699
CONTRA COSTA COUNTY,EL CERRITO PD,32,0,0,32
CONTRA COSTA COUNTY,HERCULES PD,25,1,0,26
CONTRA COSTA COUNTY,KENSINGTON PD,10,1,0,11
CONTRA COSTA COUNTY,MARTINEZ PD,30,2,8,40
CONTRA COSTA COUNTY,MORAGA PD,12,1,0,13
CONTRA COSTA COUNTY,OAKLEY PD,40,0,0,40
CONTRA COSTA COUNTY,PINOLE PD,24,0,13,37
CONTRA COSTA COUNTY,PITTSBURG PD,77,1,0,78
CONTRA COSTA COUNTY,PLEASANT HILL PD,41,0,12,53
CONTRA COSTA COUNTY,RICHMOND PD,113,2,13,128
CONTRA COSTA COUNTY,SAN PABLO PD,57,0,0,57
CONTRA COSTA COUNTY,SAN RAMON PD,68,0,0,68
CONTRA COSTA COUNTY,WALNUT CREEK PD,77,23,17,117
DEL NORTE COUNTY,CRESCENT CITY PD,12,1,0,13
DEL NORTE COUNTY,DEL NORTE CO DA,2,0,0,2
DEL NORTE COUNTY,DEL NORTE COUNTY SO,26,5,5,36
EL DORADO COUNTY,EL DORADO CO DA,13,0,0,13
EL DORADO COUNTY,EL DORADO CO SO,164,5,23,192
EL DORADO COUNTY,PLACERVILLE PD,18,1,5,24
EL DORADO COUNTY,SOUTH LAKE TAHOE PD,40,3,9,52
FRESNO COUNTY,CLOVIS PD,123,9,25,157
FRESNO COUNTY,CLOVIS UNIF SCHL DIST PD,16,0,0,16
FRESNO COUNTY,COALINGA PD,19,1,5,25
FRESNO COUNTY,CSU FRESNO DPS,25,0,7,32
FRESNO COUNTY,FIREBAUGH PD,12,4,0,16
FRESNO COUNTY,FOWLER PD,12,0,0,12
FRESNO COUNTY,FRESNO CO DA,48,0,0,48
FRESNO COUNTY,FRESNO CO SO,425,65,50,540
FRESNO COUNTY,FRESNO PD,858,2,119,979
FRESNO COUNTY,FRESNO YOSEMITE INT'L AIRPORT,19,0,0,19
FRESNO COUNTY,HURON PD,10,2,5,17
FRESNO COUNTY,KERMAN PD,25,4,0,29
FRESNO COUNTY,KINGSBURG PD,25,5,0,30
FRESNO COUNTY,MENDOTA PD,17,6,0,23
FRESNO COUNTY,ORANGE COVE PD,10,4,0,14
FRESNO COUNTY,PARLIER PD,19,0,0,19
FRESNO COUNTY,REEDLEY PD,30,2,10,42
FRESNO COUNTY,SANGER PD,33,0,0,33
FRESNO COUNTY,SELMA PD,36,0,11,47
FRESNO COUNTY,STATE CENTER CCD PD,25,0,7,32
GLENN COUNTY,GLENN CO DA,1,0,0,1
GLENN COUNTY,GLENN CO SO/CORONER,32,8,8,48
GLENN COUNTY,ORLAND PD,12,0,0,12
HUMBOLDT COUNTY,ARCATA PD,25,1,9,35
HUMBOLDT COUNTY,COLLEGE OF THE REDWOODS PD,3,0,0,3
HUMBOLDT COUNTY,CSU HUMBOLDT PD,6,2,6,14
HUMBOLDT COUNTY,EUREKA PD,39,2,9,50
HUMBOLDT COUNTY,FERNDALE PD,5,6,0,11
HUMBOLDT COUNTY,FORTUNA PD,15,0,6,21
HUMBOLDT COUNTY,HUMBOLDT CO DA,11,0,0,11
HUMBOLDT COUNTY,HUMBOLDT CO SO,167,11,11,189
HUMBOLDT COUNTY,HUMBOLDT DEPT WELFARE/INVEST,8,0,0,8
HUMBOLDT COUNTY,RIO DELL PD,4,1,0,5
IMPERIAL COUNTY,BRAWLEY PD,31,3,9,43
IMPERIAL COUNTY,CALEXICO PD,23,4,9,36
IMPERIAL COUNTY,CALIPATRIA PD,4,3,0,7
IMPERIAL COUNTY,EL CENTRO PD,46,1,9,56
IMPERIAL COUNTY,IMPERIAL CO DA,16,0,0,16
IMPERIAL COUNTY,IMPERIAL CO SO,101,13,14,128
IMPERIAL COUNTY,IMPERIAL PD,23,1,0,24
IMPERIAL COUNTY,WESTMORLAND PD,5,1,0,6
INYO COUNTY,BISHOP PD,12,1,3,16
INYO COUNTY,INYO CO DA,3,0,0,3
INYO COUNTY,INYO COUNTY SO,30,7,7,44
KERN COUNTY,ARVIN PD,20,2,6,28
KERN COUNTY,BAKERSFIELD PD,450,9,49,508
KERN COUNTY,BEAR VALLEY PD,5,0,0,5
KERN COUNTY,CALIFORNIA CITY PD,11,2,6,19
KERN COUNTY,CSU BAKERSFIELD DPS,14,0,6,20
KERN COUNTY,DELANO PD,47,2,9,58
KERN COUNTY,KERN CO DA,32,0,0,32
KERN COUNTY,KERN COUNTY SO,852,25,38,915
KERN COUNTY,KERN HIGH SCHOOL DISTRICT PD,30,0,4,34
KERN COUNTY,MCFARLAND PD,15,1,5,21
KERN COUNTY,RIDGECREST PD,28,3,7,38
KERN COUNTY,SHAFTER PD,30,0,11,41
KERN COUNTY,STALLION SPRINGS PD,3,2,0,5
KERN COUNTY,TAFT PD,12,1,5,18
KERN COUNTY,TEHACHAPI PD,19,2,7,28
KERN COUNTY,WASCO PD,20,2,9,31
KINGS COUNTY,AVENAL PD,19,1,0,20
KINGS COUNTY,CORCORAN PD,17,2,9,28
KINGS COUNTY,HANFORD PD,65,0,14,79
KINGS COUNTY,KINGS CO DA,13,0,0,13
KINGS COUNTY,KINGS CO SHERIFF'S OFFICE,194,4,16,214
KINGS COUNTY,"KINGS CO-HUMAN SVCS,WELFARE FD",3,0,0,3
KINGS COUNTY,LEMOORE PD,32,0,5,37
LAKE COUNTY,CLEARLAKE PD,22,0,7,29
LAKE COUNTY,LAKE CO DA,7,0,0,7
LAKE COUNTY,LAKE CO SO,86,0,7,93
LAKE COUNTY,LAKEPORT PD,10,1,0,11
LASSEN COUNTY,LASSEN CO DA,1,0,0,1
LASSEN COUNTY,LASSEN CO SO,42,5,10,57
LASSEN COUNTY,SUSANVILLE PD,17,0,0,17
LOS ANGELES COUNTY,ALHAMBRA PD,83,2,13,98
LOS ANGELES COUNTY,ARCADIA PD,65,5,7,77
LOS ANGELES COUNTY,AZUSA PD,51,2,9,62
LOS ANGELES COUNTY,BALDWIN PARK PD,62,0,9,71
LOS ANGELES COUNTY,BELL GARDENS PD,42,0,7,49
LOS ANGELES COUNTY,BELL PD,30,3,7,40
LOS ANGELES COUNTY,BEVERLY HILLS PD,133,4,16,153
LOS ANGELES COUNTY,BURBANK AIRPORT AUTH PD,38,0,0,38
LOS ANGELES COUNTY,BURBANK PD,146,11,14,171
LOS ANGELES COUNTY,CA DEPT INDUSTRIAL RELATIONS,3,0,0,3
LOS ANGELES COUNTY,CERRITOS COLLEGE POLICE,14,0,0,14
LOS ANGELES COUNTY,DEPARTMENT CLAREMONT PD,37,3,8,48
LOS ANGELES COUNTY,COMPTON CCD PD,9,0,2,11
LOS ANGELES COUNTY,COMPTON UNIF SCH DIST PD,9,0,0,9
LOS ANGELES COUNTY,COVINA PD,50,1,8,59
LOS ANGELES COUNTY,CSU DOMINGUEZ HILLS PD,17,0,7,24
LOS ANGELES COUNTY,CSU LONG BEACH PD,21,0,10,31
LOS ANGELES COUNTY,CSU LOS ANGELES DPS,14,0,6,20
LOS ANGELES COUNTY,CSU NORTHRIDGE DEPT POLICE SVS,20,0,6,26
LOS ANGELES COUNTY,CSU POMONA DPS,21,0,7,28
LOS ANGELES COUNTY,CULVER CITY PD,99,10,0,109
LOS ANGELES COUNTY,DOWNEY PD,114,0,17,131
LOS ANGELES COUNTY,EL CAMINO CCD PD,9,4,3,16
LOS ANGELES COUNTY,EL MONTE PD,117,3,14,134
LOS ANGELES COUNTY,EL SEGUNDO PD,61,0,0,61
LOS ANGELES COUNTY,GARDENA PD,84,4,0,88
LOS ANGELES COUNTY,GLENDALE CCD PD,9,0,0,9
LOS ANGELES COUNTY,GLENDALE PD,250,8,26,284
LOS ANGELES COUNTY,GLENDORA PD,51,2,12,65
LOS ANGELES COUNTY,HACIENDA LA PUENTE USD,7,0,0,7
LOS ANGELES COUNTY,HAWTHORNE PD,90,2,0,92
LOS ANGELES COUNTY,HERMOSA BEACH PD,34,1,0,35
LOS ANGELES COUNTY,HUNTINGTON PARK PD,52,2,8,62
LOS ANGELES COUNTY,INGLEWOOD PD,177,0,19,196
LOS ANGELES COUNTY,IRWINDALE PD,28,3,6,37
LOS ANGELES COUNTY,LA VERNE PD,38,3,13,54
LOS ANGELES COUNTY,LONG BEACH DISASTER/EMERG COMM,0,0,62,62
LOS ANGELES COUNTY,LONG BEACH PD,657,8,0,665
LOS ANGELES COUNTY,LOS ANGELES CITY PARK RANGER,33,0,0,33
LOS ANGELES COUNTY,LOS ANGELES CO DA,206,0,0,206
LOS ANGELES COUNTY,LOS ANGELES CO DEPT OF MEDICAL,65,0,0,65
LOS ANGELES COUNTY,EXAMINER LOS ANGELES CO SD,8730,438,405,9573
LOS ANGELES COUNTY,LOS ANGELES PD,8579,346,612,9537
LOS ANGELES COUNTY,LOS ANGELES PORT PD,135,0,9,144
LOS ANGELES COUNTY,LOS ANGELES SCHOOL PD,245,0,0,245
LOS ANGELES COUNTY,LOS ANGELES WORLD AIRPORTS PD,437,0,0,437
LOS ANGELES COUNTY,MANHATTAN BEACH PD,66,1,0,67
LOS ANGELES COUNTY,MONROVIA PD,45,0,13,58
LOS ANGELES COUNTY,MONTEBELLO PD,75,6,9,90
LOS ANGELES COUNTY,MONTEBELLO UNIFIED SCHOOL DIST,7,1,2,10
LOS ANGELES COUNTY,MONTEREY PARK PD,71,10,12,93
LOS ANGELES COUNTY,MOUNT SAN ANTONIO COLLEGE PD,5,0,0,5
LOS ANGELES COUNTY,PALOS VERDES ESTATES PD,18,5,8,31
LOS ANGELES COUNTY,PASADENA CITY CCD PD,6,0,7,13
LOS ANGELES COUNTY,PASADENA PD,221,3,28,252
LOS ANGELES COUNTY,POMONA PD,143,4,28,175
LOS ANGELES COUNTY,REDONDO BEACH PD,89,9,9,107
LOS ANGELES COUNTY,SAN FERNANDO PD,31,11,7,49
LOS ANGELES COUNTY,SAN GABRIEL PD,45,4,7,56
LOS ANGELES COUNTY,SAN MARINO PD,30,0,4,34
LOS ANGELES COUNTY,SANTA MONICA CCD PD,14,0,7,21
LOS ANGELES COUNTY,SANTA MONICA OFFICE EMER MGT,0,0,28,28
LOS ANGELES COUNTY,SANTA MONICA PD,215,0,0,215
LOS ANGELES COUNTY,SIERRA MADRE PD,17,6,7,30
LOS ANGELES COUNTY,SIGNAL HILL PD,28,0,4,32
LOS ANGELES COUNTY,SOUTH BAY REG PUB COMM AUTH,0,0,37,37
LOS ANGELES COUNTY,SOUTH GATE PD,70,1,8,79
LOS ANGELES COUNTY,SOUTH PASADENA PD,30,1,8,39
LOS ANGELES COUNTY,TORRANCE PD,195,0,23,218
LOS ANGELES COUNTY,UC LOS ANGELES PD,62,0,11,73
LOS ANGELES COUNTY,VERNON PD,44,0,6,50
LOS ANGELES COUNTY,WEST COVINA PD,92,6,13,111
LOS ANGELES COUNTY,WHITTIER PD,124,0,15,139
MADERA COUNTY,CHOWCHILLA PD,18,2,11,31
MADERA COUNTY,MADERA CO DA,11,0,0,11
MADERA COUNTY,MADERA CO SO,145,23,16,184
MADERA COUNTY,MADERA PD,65,1,15,81
MARIN COUNTY,BELVEDERE PD,6,1,0,7
MARIN COUNTY,CENTRAL MARIN POLICE AUTHORITY,33,0,0,33
MARIN COUNTY,FAIRFAX PD,10,0,5,15
MARIN COUNTY,MARIN CCD PD,5,0,0,5
MARIN COUNTY,MARIN CO DA,9,0,0,9
MARIN COUNTY,MARIN CO HEALTH & HUMAN SVCS,4,0,0,4
MARIN COUNTY,MARIN CO SO,188,0,31,219
MARIN COUNTY,MARIN MUNCPL WATER DIST,6,0,0,6
MARIN COUNTY,MILL VALLEY PD,20,0,0,20
MARIN COUNTY,NOVATO PD,51,0,10,61
MARIN COUNTY,ROSS PD,9,0,0,9
MARIN COUNTY,SAN RAFAEL PD,65,1,15,81
MARIN COUNTY,SAUSALITO PD,14,0,0,14
MARIN COUNTY,TIBURON PD,16,5,0,21
MARIPOSA COUNTY,MARIPOSA CO DA,3,0,0,3
MARIPOSA COUNTY,MARIPOSA CO SO,59,11,8,78
MENDOCINO COUNTY,FORT BRAGG PD,14,0,0,14
MENDOCINO COUNTY,MENDOCINO CO DA,7,0,0,7
MENDOCINO COUNTY,MENDOCINO CO SO,115,3,12,130
MENDOCINO COUNTY,MENDOCINO CO SOCIAL SVCS SPECIAL,4,0,0,4
MENDOCINO COUNTY,INVESTIGATIONS UKIAH PD,27,0,9,36
MENDOCINO COUNTY,WILLITS PD,5,0,5,10
MERCED COUNTY,ATWATER PD,26,2,7,35
MERCED COUNTY,DOS PALOS PD,10,4,5,19
MERCED COUNTY,GUSTINE PD,7,5,0,12
MERCED COUNTY,LIVINGSTON PD,19,4,7,30
MERCED COUNTY,LOS BANOS PD,45,1,11,57
MERCED COUNTY,MERCED CCD PD,4,0,0,4
MERCED COUNTY,MERCED CO DA,10,0,0,10
MERCED COUNTY,MERCED CO SO,224,56,17,297
MERCED COUNTY,MERCED PD,92,3,16,111
MERCED COUNTY,UC MERCED PD,16,0,7,23
MODOC COUNTY,ALTURAS PD,8,0,0,8
MODOC COUNTY,MODOC CO SO,10,1,5,16
MONO COUNTY,MAMMOTH LAKES PD,15,0,0,15
MONO COUNTY,MONO CO DA,2,0,0,2
MONO COUNTY,MONO CO SD,25,0,17,42
MONTEREY COUNTY,CARMEL PD,13,0,7,20
MONTEREY COUNTY,CSU MONTEREY BAY PD,13,0,0,13
MONTEREY COUNTY,DEL REY OAKS PD,9,6,0,15
MONTEREY COUNTY,GONZALES PD,12,0,0,12
MONTEREY COUNTY,GREENFIELD PD,23,0,0,23
MONTEREY COUNTY,KING CITY PD,16,0,0,16
MONTEREY COUNTY,MARINA PD,26,0,0,26
MONTEREY COUNTY,MONTEREY CO DA,29,0,0,29
MONTEREY COUNTY,MONTEREY CO EMER COMM,0,0,61,61
MONTEREY COUNTY,MONTEREY CO SHERIFF'S OFFICE,298,0,0,298
MONTEREY COUNTY,MONTEREY PD,46,3,0,49
MONTEREY COUNTY,PACIFIC GROVE PD,20,0,0,20
MONTEREY COUNTY,SALINAS PD,132,0,0,132
MONTEREY COUNTY,SAND CITY PD,10,1,0,11
MONTEREY COUNTY,SEASIDE PD,28,0,0,28
MONTEREY COUNTY,SOLEDAD PD,14,3,0,17
NAPA COUNTY,CALISTOGA PD,13,0,5,18
NAPA COUNTY,NAPA CO DA,13,0,0,13
NAPA COUNTY,NAPA CO SO,104,0,0,104
NAPA COUNTY,NAPA PD,68,0,32,100
NAPA COUNTY,NAPA VALLEY COLLEGE DPS,6,0,0,6
NAPA COUNTY,SAINT HELENA PD,11,1,5,17
NEVADA COUNTY,GRASS VALLEY PD,28,4,0,32
NEVADA COUNTY,NEVADA CITY PD,11,2,0,13
NEVADA COUNTY,NEVADA CO DA,5,0,0,5
NEVADA COUNTY,NEVADA CO SO,61,1,12,74
NEVADA COUNTY,TRUCKEE PD,26,2,0,28
ORANGE COUNTY,ANAHEIM PD,402,16,31,449
ORANGE COUNTY,BREA PD,60,0,12,72
ORANGE COUNTY,BUENA PARK PD,88,3,14,105
ORANGE COUNTY,COSTA MESA PD,126,7,25,158
ORANGE COUNTY,CSU FULLERTON PD,25,0,5,30
ORANGE COUNTY,CYPRESS PD,47,0,0,47
ORANGE COUNTY,FOUNTAIN VALLEY PD,53,0,9,62
ORANGE COUNTY,FULLERTON PD,120,2,14,136
ORANGE COUNTY,GARDEN GROVE PD,176,4,19,199
ORANGE COUNTY,HUNTINGTON BEACH PD,202,2,24,228
ORANGE COUNTY,IRVINE PD,237,1,23,261
ORANGE COUNTY,IRVINE VALLEY CCD PD,9,0,4,13
ORANGE COUNTY,LA HABRA PD,64,7,16,87
ORANGE COUNTY,LA PALMA PD,22,0,6,28
ORANGE COUNTY,LAGUNA BEACH PD,59,2,16,77
ORANGE COUNTY,LOS ALAMITOS PD,23,0,0,23
ORANGE COUNTY,NEWPORT BEACH PD,137,2,19,158
ORANGE COUNTY,ORANGE CO DA,183,0,0,183
ORANGE COUNTY,ORANGE CO SD/CORONER,2114,87,56,2257
ORANGE COUNTY,ORANGE PD,148,1,18,167
ORANGE COUNTY,PLACENTIA PD,49,1,0,50
ORANGE COUNTY,PLACENTIA PUBLIC SAFETY COMM,0,0,15,15
ORANGE COUNTY,SADDLEBACK CCD PD,6,0,2,8
ORANGE COUNTY,SANTA ANA PD,324,1,37,362
ORANGE COUNTY,SANTA ANA UNIF SCHL DIST PD,23,0,10,33
ORANGE COUNTY,SEAL BEACH PD,39,0,0,39
ORANGE COUNTY,TUSTIN PD,92,6,15,113
ORANGE COUNTY,UC IRVINE PD,42,0,10,52
ORANGE COUNTY,WEST CITIES COMM CTR,0,0,18,18
ORANGE COUNTY,WESTMINSTER PD,94,4,14,112
PLACER COUNTY,AUBURN PD,19,7,8,34
PLACER COUNTY,LINCOLN PD,31,0,10,41
PLACER COUNTY,PLACER CO DA,19,0,0,19
PLACER COUNTY,PLACER COUNTY SO,259,67,23,349
PLACER COUNTY,ROCKLIN PD,63,2,13,78
PLACER COUNTY,ROSEVILLE PD,150,3,24,177
PLACER COUNTY,UNION PACIFIC RAILROAD,34,0,0,34
PLUMAS COUNTY,PLUMAS CO SO,29,5,6,40
RIVERSIDE COUNTY,BANNING PD,34,3,5,42
RIVERSIDE COUNTY,BEAUMONT PD,56,0,10,66
RIVERSIDE COUNTY,BLYTHE PD,25,3,6,34
RIVERSIDE COUNTY,CATHEDRAL CITY PD,50,1,13,64
RIVERSIDE COUNTY,CORONA PD,150,0,23,173
RIVERSIDE COUNTY,DESERT HOT SPRINGS  PD,27,0,12,39
RIVERSIDE COUNTY,HEMET PD,77,2,19,98
RIVERSIDE COUNTY,INDIO PD,70,0,15,85
RIVERSIDE COUNTY,MENIFEE PD,81,0,0,81
RIVERSIDE COUNTY,MURRIETA PD,113,0,42,155
RIVERSIDE COUNTY,PALM SPRINGS PD,100,1,17,118
RIVERSIDE COUNTY,RIVERSIDE CCD PD,18,0,0,18
RIVERSIDE COUNTY,RIVERSIDE CO DA,126,0,3,129
RIVERSIDE COUNTY,RIVERSIDE CO PUBLIC SOCIAL SER,25,0,0,25
RIVERSIDE COUNTY,RIVERSIDE CO SD,2778,25,163,2966
RIVERSIDE COUNTY,RIVERSIDE PD,366,0,53,419
RIVERSIDE COUNTY,UC RIVERSIDE PD,30,0,8,38
RIVERSIDE COUNTY,VAL VERDE UNIF SCH DIST PD,9,6,0,15
SACRAMENTO COUNTY,AMTRAK PD,41,0,0,41
SACRAMENTO COUNTY,CA ALCOHOLIC BEVERAGE CONTROL,173,0,0,173
SACRAMENTO COUNTY,CA ASSEMBLY SGT AT ARMS LEGIS,17,0,0,17
SACRAMENTO COUNTY,"CA DEPT CANNABIS CNTL, ENF DIV",64,0,0,64
SACRAMENTO COUNTY,CA DEPT CONSUMER AFF CSLB (NON-,7,0,0,7
SACRAMENTO COUNTY,POST) CA DEPT CONSUMER AFF DEN BD,11,0,0,11
SACRAMENTO COUNTY,CA DEPT CONSUMER AFF INVEST,133,0,0,133
SACRAMENTO COUNTY,CA DEPT DEVELOPMENTAL OPS,62,0,0,62
SACRAMENTO COUNTY,CA DEPT EMPLOYMENT DEVELOPMENT,32,0,0,32
SACRAMENTO COUNTY,CA DEPT FISH & WILDLIFE,429,0,0,429
SACRAMENTO COUNTY,CA DEPT HEALTH CARE SVCS,56,0,0,56
SACRAMENTO COUNTY,CA DEPT INSURANCE FRAUD,161,0,0,161
SACRAMENTO COUNTY,CA DEPT JUSTICE,317,0,0,317
SACRAMENTO COUNTY,CA DEPT MOTOR VEHICLES,179,0,0,179
SACRAMENTO COUNTY,CA DEPT OF FIN PROT AND INNOV,11,0,0,11
SACRAMENTO COUNTY,CA DEPT PARKS & RECREATION,511,0,42,553
SACRAMENTO COUNTY,CA DEPT PUB HEALTH FOOD/DRUG,30,0,0,30
SACRAMENTO COUNTY,CA DEPT PUB HEALTH YTH TOB ENF,37,0,0,37
SACRAMENTO COUNTY,CA DEPT SOCIAL SERVICES,68,0,0,68
SACRAMENTO COUNTY,CA DEPT STATE HOSPITALS – OFC OF,54,0,0,54
SACRAMENTO COUNTY,SPEC INVEST CA DEPT TOXIC SUBSTANCES CNTL,14,0,0,14
SACRAMENTO COUNTY,CA FRANCHISE TAX BOARD,25,0,0,25
SACRAMENTO COUNTY,CA HIGHWAY PATROL,6915,0,873,7788
SACRAMENTO COUNTY,CA HORSE RACING BOARD,13,0,0,13
SACRAMENTO COUNTY,CA OFFICE OF LE SUPPORT (OLES),5,0,0,5
SACRAMENTO COUNTY,CA SECRETARY OF STATE OFC INV,1,0,0,1
SACRAMENTO COUNTY,CA STATE FAIR PD,3,1,0,4
SACRAMENTO COUNTY,CA STATE LOTTERY,45,0,0,45
SACRAMENTO COUNTY,CAL - OES,17,0,0,17
SACRAMENTO COUNTY,CAL FIRE,185,0,0,185
SACRAMENTO COUNTY,CITRUS HEIGHTS PD,77,9,24,110
SACRAMENTO COUNTY,CSU SACRAMENTO PD,20,0,7,27
SACRAMENTO COUNTY,ELK GROVE PD,153,0,28,181
SACRAMENTO COUNTY,FOLSOM PD,75,4,16,95
SACRAMENTO COUNTY,GALT PD,35,1,7,43
SACRAMENTO COUNTY,LOS RIOS CCD PD,22,0,7,29
SACRAMENTO COUNTY,SACRAMENTO CO CORONER,15,0,0,15
SACRAMENTO COUNTY,SACRAMENTO CO DA,45,0,0,45
SACRAMENTO COUNTY,SACRAMENTO CO HUMAN ASST INV,23,0,0,23
SACRAMENTO COUNTY,SACRAMENTO CO REG PARKS DEPT,40,1,0,41
SACRAMENTO COUNTY,SACRAMENTO CO SD,1349,406,81,1836
SACRAMENTO COUNTY,SACRAMENTO PD,642,81,81,804
SACRAMENTO COUNTY,TWIN RIVERS USD PD,19,4,5,28
SAN BENITO COUNTY,HOLLISTER PD,35,1,0,36
SAN BENITO COUNTY,SAN BENITO CO DA,3,0,0,3
SAN BENITO COUNTY,SAN BENITO CO SO,35,12,0,47
SAN BERNARDINO COUNTY,APPLE VALLEY UNIF SCH DIST PD,10,2,2,14
SAN BERNARDINO COUNTY,BARSTOW PD,37,3,12,52
SAN BERNARDINO COUNTY,BURLINGTON NORTHRN SANTA FE RR,36,0,0,36
SAN BERNARDINO COUNTY,CHAFFEY CCD PD,12,0,0,12
SAN BERNARDINO COUNTY,CHINO PD,119,1,19,139
SAN BERNARDINO COUNTY,COLTON PD,53,0,12,65
SAN BERNARDINO COUNTY,CSU SAN BERNARDINO PD,16,0,5,21
SAN BERNARDINO COUNTY,FONTANA PD,198,8,25,231
SAN BERNARDINO COUNTY,FONTANA UNIFIED SCHOOL DIST,15,0,9,24
SAN BERNARDINO COUNTY,HESPERIA UNIFIED SCHOOL DIST,11,0,0,11
SAN BERNARDINO COUNTY,MONTCLAIR PD,54,4,11,69
SAN BERNARDINO COUNTY,ONTARIO PD,301,8,36,345
SAN BERNARDINO COUNTY,REDLANDS PD,75,1,13,89
SAN BERNARDINO COUNTY,RIALTO PD,121,1,16,138
SAN BERNARDINO COUNTY,SAN BERNARDINO CCD PD,15,0,1,16
SAN BERNARDINO COUNTY,SAN BERNARDINO CO DA,63,0,0,63
SAN BERNARDINO COUNTY,SAN BERNARDINO CO HUMAN SVCS,27,0,0,27
SAN BERNARDINO COUNTY,SAN BERNARDINO CO SD,1998,94,155,2247
SAN BERNARDINO COUNTY,SAN BERNARDINO PD,291,13,34,338
SAN BERNARDINO COUNTY,SAN BERNARDINO UNIF SCHL DIST,24,2,9,35
SAN BERNARDINO COUNTY,SNOWLINE JOINT UNIF SCHL DIST,5,3,0,8
SAN BERNARDINO COUNTY,UPLAND PD,71,4,14,89
SAN BERNARDINO COUNTY,VICTOR VALLEY COLLEGE PD,8,3,0,11
SAN BERNARDINO COUNTY,VICTOR VALLEY UNION HS PD,4,0,0,4
SAN DIEGO COUNTY,CARLSBAD PD,121,1,18,140
SAN DIEGO COUNTY,CHULA VISTA PD,270,0,24,294
SAN DIEGO COUNTY,CORONADO PD,43,3,12,58
SAN DIEGO COUNTY,CSU SAN DIEGO PD,41,0,9,50
SAN DIEGO COUNTY,CSU SAN MARCOS PD,18,0,5,23
SAN DIEGO COUNTY,EL CAJON PD,119,17,18,154
SAN DIEGO COUNTY,ESCONDIDO PD,152,1,24,177
SAN DIEGO COUNTY,LA MESA PD,69,1,19,89
SAN DIEGO COUNTY,MIRA COSTA CCD PD,9,0,5,14
SAN DIEGO COUNTY,NATIONAL CITY PD,82,2,14,98
SAN DIEGO COUNTY,OCEANSIDE PD,188,1,25,214
SAN DIEGO COUNTY,PALOMAR CCD PD,12,3,0,15
SAN DIEGO COUNTY,SAN DIEGO CCD PD,34,0,11,45
SAN DIEGO COUNTY,SAN DIEGO CITY SCHOOLS PD,32,0,6,38
SAN DIEGO COUNTY,SAN DIEGO CO DA,124,0,0,124
SAN DIEGO COUNTY,SAN DIEGO CO PUBLIC ASST INV,38,0,0,38
SAN DIEGO COUNTY,SAN DIEGO CO SD,2469,53,124,2646
SAN DIEGO COUNTY,"SAN DIEGO HARBOR PD, PORT OF",130,0,7,137
SAN DIEGO COUNTY,SAN DIEGO PD,1797,13,170,1980
SAN DIEGO COUNTY,SOUTHWESTERN CCD PD,10,0,4,14
SAN DIEGO COUNTY,UC SAN DIEGO PD,53,0,14,67
SAN FRANCISCO COUNTY,CSU SAN FRANCISCO PD,22,0,5,27
SAN FRANCISCO COUNTY,SAN FRAN INT'L AIRPORT COMM,0,0,32,32
SAN FRANCISCO COUNTY,SAN FRANCISCO CCD PD,14,0,0,14
SAN FRANCISCO COUNTY,SAN FRANCISCO CO DA,31,0,0,31
SAN FRANCISCO COUNTY,SAN FRANCISCO CO MED EXAM,11,0,0,11
SAN FRANCISCO COUNTY,SAN FRANCISCO CO SO,693,1,0,694
SAN FRANCISCO COUNTY,SAN FRANCISCO DEPT EMER MGT,0,0,214,214
SAN FRANCISCO COUNTY,SAN FRANCISCO PD,1822,18,0,1840
SAN FRANCISCO COUNTY,UC SAN FRANCISCO PD,67,0,12,79
SAN JOAQUIN COUNTY,ESCALON PD,11,10,0,21
SAN JOAQUIN COUNTY,LATHROP PD,41,0,0,41
SAN JOAQUIN COUNTY,LODI PD,69,2,18,89
SAN JOAQUIN COUNTY,MANTECA PD,80,3,13,96
SAN JOAQUIN COUNTY,PORT OF STOCKTON PD,15,0,0,15
SAN JOAQUIN COUNTY,RIPON PD,21,0,15,36
SAN JOAQUIN COUNTY,SAN JOAQUIN CO DA,46,0,0,46
SAN JOAQUIN COUNTY,SAN JOAQUIN CO SO,321,1,36,358
SAN JOAQUIN COUNTY,SAN JOAQUIN DELTA COLLEGE PD,13,1,7,21
SAN JOAQUIN COUNTY,STOCKTON PD,337,28,51,416
SAN JOAQUIN COUNTY,STOCKTON UNIFIED SCHOOL DISTRICT,25,0,6,31
SAN JOAQUIN COUNTY,PD TRACY PD,100,3,18,121
SAN LUIS OBISPO COUNTY,ARROYO GRANDE PD,25,0,0,25
SAN LUIS OBISPO COUNTY,ATASCADERO PD,31,0,8,39
SAN LUIS OBISPO COUNTY,CPSU SAN LUIS OBISPO PD,23,0,5,28
SAN LUIS OBISPO COUNTY,CUESTA CC PD,3,0,1,4
SAN LUIS OBISPO COUNTY,GROVER BEACH PD,23,1,0,24
SAN LUIS OBISPO COUNTY,MORRO BAY PD,15,0,0,15
SAN LUIS OBISPO COUNTY,PASO ROBLES PD,53,1,11,65
SAN LUIS OBISPO COUNTY,PISMO BEACH PD,21,1,7,29
SAN LUIS OBISPO COUNTY,SAN LUIS OBISPO CO DA,17,0,0,17
SAN LUIS OBISPO COUNTY,SAN LUIS OBISPO CO SO,276,15,22,313
SAN LUIS OBISPO COUNTY,SAN LUIS OBISPO PD,58,3,12,73
SAN MATEO COUNTY,ATHERTON PD,20,2,11,33
SAN MATEO COUNTY,BELMONT PD,28,1,10,39
SAN MATEO COUNTY,BRISBANE PD,15,0,0,15
SAN MATEO COUNTY,BROADMOOR PD,8,12,0,20
SAN MATEO COUNTY,BURLINGAME PD,33,0,13,46
SAN MATEO COUNTY,COLMA PD,19,0,15,34
SAN MATEO COUNTY,DALY CITY PD,84,0,0,84
SAN MATEO COUNTY,EAST PALO ALTO PD,32,0,0,32
SAN MATEO COUNTY,FOSTER CITY PD,32,0,8,40
SAN MATEO COUNTY,HILLSBOROUGH PD,25,2,6,33
SAN MATEO COUNTY,MENLO PARK PD,41,2,16,59
SAN MATEO COUNTY,PACIFICA PD,32,5,0,37
SAN MATEO COUNTY,REDWOOD CITY PD,85,2,23,110
SAN MATEO COUNTY,SAN BRUNO PD,47,6,15,68
SAN MATEO COUNTY,SAN MATEO CO CORONER,10,0,0,10
SAN MATEO COUNTY,SAN MATEO CO DA,20,0,0,20
SAN MATEO COUNTY,SAN MATEO CO PUB SFTY COMM CTR,0,0,64,64
SAN MATEO COUNTY,SAN MATEO CO SHERIFF'S OFFICE,285,43,0,328
SAN MATEO COUNTY,SAN MATEO PD,110,0,19,129
SAN MATEO COUNTY,SOUTH SAN FRANCISCO PD,74,0,18,92
SANTA BARBARA COUNTY,ALLAN HANCOCK CCD PD,4,2,2,8
SANTA BARBARA COUNTY,GUADALUPE PD,10,0,0,10
SANTA BARBARA COUNTY,LOMPOC PD,48,0,10,58
SANTA BARBARA COUNTY,SANTA BARBARA AIRPORT PD,10,0,0,10
SANTA BARBARA COUNTY,SANTA BARBARA CO DA,18,0,0,18
SANTA BARBARA COUNTY,SANTA BARBARA CO SO,493,29,38,560
SANTA BARBARA COUNTY,SANTA BARBARA PD,113,3,16,132
SANTA BARBARA COUNTY,SANTA MARIA PD,114,0,20,134
SANTA BARBARA COUNTY,UC SANTA BARBARA PD,32,0,7,39
SANTA CLARA COUNTY,CAMPBELL PD,46,3,12,61
SANTA CLARA COUNTY,CSU SAN JOSE PD,21,0,8,29
SANTA CLARA COUNTY,FOOTHILL-DEANZA CCD PD,11,0,0,11
SANTA CLARA COUNTY,GILROY PD,63,6,14,83
SANTA CLARA COUNTY,LOS ALTOS PD,28,0,10,38
SANTA CLARA COUNTY,LOS GATOS PD,34,3,10,47
SANTA CLARA COUNTY,MILPITAS PD,82,1,16,99
SANTA CLARA COUNTY,MORGAN HILL PD,40,0,13,53
SANTA CLARA COUNTY,MOUNTAIN VIEW PD,82,8,16,106
SANTA CLARA COUNTY,PALO ALTO PD,75,6,22,103
SANTA CLARA COUNTY,SAN JOSE PD,999,101,174,1274
SANTA CLARA COUNTY,SAN JOSE UNIF SCHL DIST PD,1,0,0,1
SANTA CLARA COUNTY,SAN JOSE/EVERGREEN CCD PD,8,0,0,8
SANTA CLARA COUNTY,SANTA CLARA CO COMM DEPT,0,0,91,91
SANTA CLARA COUNTY,SANTA CLARA CO DA,92,0,0,92
SANTA CLARA COUNTY,SANTA CLARA CO SO,1104,67,0,1171
SANTA CLARA COUNTY,SANTA CLARA PD,138,173,18,329
SANTA CLARA COUNTY,SUNNYVALE DPS,213,0,24,237
SANTA CLARA COUNTY,WEST VALLEY CCD PD,9,0,0,9
SANTA CRUZ COUNTY,CAPITOLA PD,20,2,0,22
SANTA CRUZ COUNTY,SANTA CRUZ CO DA,16,0,0,16
SANTA CRUZ COUNTY,SANTA CRUZ CO SO,150,22,0,172
SANTA CRUZ COUNTY,SANTA CRUZ PD,77,0,0,77
SANTA CRUZ COUNTY,SCOTTS VALLEY PD,20,4,8,32
SANTA CRUZ COUNTY,UC SANTA CRUZ PD,20,0,9,29
SANTA CRUZ COUNTY,WATSONVILLE PD,58,0,0,58
SHASTA COUNTY,ANDERSON PD,21,0,0,21
SHASTA COUNTY,REDDING PD,107,1,0,108
SHASTA COUNTY,SHASTA AREA SAFETY COMM AGCY,0,0,41,41
SHASTA COUNTY,SHASTA CO DA,13,0,0,13
SHASTA COUNTY,SHASTA CO MARSHAL,25,0,1,26
SHASTA COUNTY,SHASTA CO SO,142,6,0,148
SIERRA COUNTY,SIERRA CO SHERIFF'S OFFICE,8,3,4,15
SISKIYOU COUNTY,ETNA PD,4,2,0,6
SISKIYOU COUNTY,LAKE SHASTINA DISTRICT PD,3,0,0,3
SISKIYOU COUNTY,MOUNT SHASTA PD,8,2,6,16
SISKIYOU COUNTY,SISKIYOU CO DA,6,0,0,6
SISKIYOU COUNTY,SISKIYOU CO SD,62,10,11,83
SISKIYOU COUNTY,TULELAKE PD,5,0,0,5
SISKIYOU COUNTY,WEED PD,8,0,6,14
SISKIYOU COUNTY,YREKA PD,15,3,9,27
SOLANO COUNTY,BENICIA PD,29,2,11,42
SOLANO COUNTY,DIXON PD,25,0,0,25
SOLANO COUNTY,FAIRFIELD PD,113,0,20,133
SOLANO COUNTY,SOLANO CCD DPS,2,0,0,2
SOLANO COUNTY,SOLANO CO DA,12,0,0,12
SOLANO COUNTY,SOLANO CO HSS DEPT SPECIAL INV,7,0,0,7
SOLANO COUNTY,SOLANO CO SO,175,8,17,200
SOLANO COUNTY,SUISUN CITY PD,26,2,7,35
SOLANO COUNTY,VACAVILLE PD,109,2,24,135
SOLANO COUNTY,VALLEJO PD,82,2,16,100
SONOMA COUNTY,CLOVERDALE PD,11,0,8,19
SONOMA COUNTY,COTATI PD,11,0,5,16
SONOMA COUNTY,CSU SONOMA PD,10,0,1,11
SONOMA COUNTY,HEALDSBURG PD,14,0,8,22
SONOMA COUNTY,PETALUMA PD,62,0,16,78
SONOMA COUNTY,ROHNERT PARK DPS,76,0,13,89
SONOMA COUNTY,SANTA ROSA PD,178,0,29,207
SONOMA COUNTY,SEBASTOPOL PD,10,0,6,16
SONOMA COUNTY,SONOMA CO DA,15,0,0,15
SONOMA COUNTY,"SONOMA CO HUM SRV,WLF FRD INV",4,0,0,4
SONOMA COUNTY,SONOMA CO JR COLLEGE DIST PD,10,0,5,15
SONOMA COUNTY,SONOMA CO SHERIFF'S OFFICE,444,0,23,467
SONOMA COUNTY,SONOMA-MARIN AREA RAIL TRANSIT,1,0,0,1
STANISLAUS COUNTY,CERES DPS,40,4,9,53
STANISLAUS COUNTY,CSU STANISLAUS DPS,12,0,2,14
STANISLAUS COUNTY,MODESTO PD,196,9,0,205
STANISLAUS COUNTY,NEWMAN PD,12,1,0,13
STANISLAUS COUNTY,OAKDALE PD,25,6,11,42
STANISLAUS COUNTY,STANISLAUS CO DA,20,0,0,20
STANISLAUS COUNTY,STANISLAUS CO SD,569,31,0,600
STANISLAUS COUNTY,STANISLAUS REGIONAL 9-1-1,0,0,46,46
STANISLAUS COUNTY,TURLOCK PD,83,1,16,100
SUTTER COUNTY,SUTTER CO DA,7,0,0,7
SUTTER COUNTY,SUTTER CO HEALTH & HUMAN SVCS,3,0,0,3
SUTTER COUNTY,SUTTER CO SO,97,10,11,118
SUTTER COUNTY,YUBA CITY PD,59,5,12,76
TEHEMA COUNTY,CORNING PD,13,0,5,18
TEHEMA COUNTY,RED BLUFF PD,25,5,11,41
TEHEMA COUNTY,TEHAMA CO DA,6,0,0,6
TEHEMA COUNTY,TEHAMA CO SO,68,6,8,82
TRINITY COUNTY,TRINITY CO DIST ATTORNEY,1,0,0,1
TRINITY COUNTY,TRINITY CO MARSHAL,4,0,0,4
TRINITY COUNTY,TRINITY COUNTY SO,33,7,0,40
TULARE COUNTY,COLLEGE OF THE SEQUOIAS PD,7,1,0,8
TULARE COUNTY,DINUBA PD,37,0,6,43
TULARE COUNTY,EXETER PD,10,4,0,14
TULARE COUNTY,FARMERSVILLE PD,14,0,1,15
TULARE COUNTY,LINDSAY DPS,11,4,0,15
TULARE COUNTY,PORTERVILLE PD,76,2,16,94
TULARE COUNTY,TULARE CO DA,38,0,0,38
TULARE COUNTY,TULARE CO SO,505,14,33,552
TULARE COUNTY,TULARE PD,72,0,14,86
TULARE COUNTY,VISALIA PD,163,0,23,186
TULARE COUNTY,WOODLAKE PD,9,5,0,14
TUOLUMNE COUNTY,SONORA PD,13,3,6,22
TUOLUMNE COUNTY,TUOLUMNE CO DA,3,0,0,3
TUOLUMNE COUNTY,TUOLUMNE CO SO,102,1,19,122
VENTURA COUNTY,CSU CHANNEL ISLANDS PD,12,0,5,17
VENTURA COUNTY,OXNARD PD,217,3,24,244
VENTURA COUNTY,PORT HUENEME PD,23,5,6,34
VENTURA COUNTY,SANTA PAULA PD,27,1,7,35
VENTURA COUNTY,SIMI VALLEY PD,116,0,20,136
VENTURA COUNTY,VENTURA CO CCD PD,11,0,0,11
VENTURA COUNTY,VENTURA CO DA,58,0,0,58
VENTURA COUNTY,VENTURA CO SO,766,9,33,808
VENTURA COUNTY,VENTURA PD,130,0,21,151
YOLO COUNTY,DAVIS PD,56,2,17,75
YOLO COUNTY,UC DAVIS PD,47,0,10,57
YOLO COUNTY,WEST SACRAMENTO PD,67,1,0,68
YOLO COUNTY,WINTERS PD,8,2,0,10
YOLO COUNTY,WOODLAND PD,66,0,0,66
YOLO COUNTY,YOLO CO COMM EMER,0,0,33,33
YOLO COUNTY,YOLO CO DA,12,0,0,12
YOLO COUNTY,"YOLO CO HEALTH HUMAN SVCS, SPEC",2,0,0,2
YOLO COUNTY,INV YOLO CO SHERIFF'S OFFICE,87,5,0,92
YUBA COUNTY,MARYSVILLE PD,15,8,8,31
YUBA COUNTY,WHEATLAND PD,7,3,0,10
YUBA COUNTY,YUBA CO DA,3,0,0,3
YUBA COUNTY,YUBA CO SD,128,23,11,162
